name,specie,annotation,sequence,creation_date
NP_000005.3,Homo sapiens, alpha-2-macroglobulin isoform a precursor ,MGKNKLLHPSLVLLLLVLLPTDASVSGKPQYMVLVPSLLHTETTEKGCVLLSYLNETVTVSASLESVRGNRSLFTDLEAENDVLHCVAFAVPKSSSNEEVMFLTVQVKGPTQEFKKRTTVMVKNEDSLVFVQTDKSIYKPGQTVKFRVVSMDENFHPLNELIPLVYIQDPKGNRIAQWQSFQLEGGLKQFSFPLSSEPFQGSYKVVVQKKSGGRTEHPFTVEEFVLPKFEVQVTVPKIITILEEEMNVSVCGLYTYGKPVPGHVTVSICRKYSDASDCHGEDSQAFCEKFSGQLNSHGCFYQQVKTKVFQLKRKEYEMKLHTEAQIQEEGTVVELTGRQSSEITRTITKLSFVKVDSHFRQGIPFFGQVRLVDGKGVPIPNKVIFIRGNEANYYSNATTDEHGLVQFSINTTNVMGTSLTVRVNYKDRSPCYGYQWVSEEHEEAHHTAYLVFSPSKSFVHLEPMSHELPCGHTQTVQAHYILNGGTLLGLKKLSFYYLIMAKGGIVRTGTHGLLVKQEDMKGHFSISIPVKSDIAPVARLLIYAVLPTGDVIGDSAKYDVENCLANKVDLSFSPSQSLPASHAHLRVTAAPQSVCALRAVDQSVLLMKPDAELSASSVYNLLPEKDLTGFPGPLNDQDNEDCINRHNVYINGITYTPVSSTNEKDMYSFLEDMGLKAFTNSKIRKPKMCPQLQQYEMHGPEGLRVGFYESDVMGRGHARLVHVEEPHTETVRKYFPETWIWDLVVVNSAGVAEVGVTVPDTITEWKAGAFCLSEDAGLGISSTASLRAFQPFFVELTMPYSVIRGEAFTLKATVLNYLPKCIRVSVQLEASPAFLAVPVEKEQAPHCICANGRQTVSWAVTPKSLGNVNFTVSAEALESQELCGTEVPSVPEHGRKDTVIKPLLVEPEGLEKETTFNSLLCPSGGEVSEELSLKLPPNVVEESARASVSVLGDILGSAMQNTQNLLQMPYGCGEQNMVLFAPNIYVLDYLNETQQLTPEIKSKAIGYLNTGYQRQLNYKHYDGSYSTFGERYGRNQGNTWLTAFVLKTFAQARAYIFIDEAHITQALIWLSQRQKDNGCFRSSGSLLNNAIKGGVEDEVTLSAYITIALLEIPLTVTHPVVRNALFCLESAWKTAQEGDHGSHVYTKALLAYAFALAGNQDKRKEVLKSLNEEAVKKDNSVHWERPQKPKAPVGHFYEPQAPSAEVEMTSYVLLAYLTAQPAPTSEDLTSATNIVKWITKQQNAQGGFSSTQDTVVALHALSKYGAATFTRTGKAAQVTIQSSGTFSSKFQVDNNNRLLLQQVSLPELPGEYSMKVTGEGCVYLQTSLKYNILPEKEEFPFALGVQTLPQTCDEPKAHTSFQISLSVSYTGSRSASNMAIVDVKMVSGFIPLKPTVKMLERSNHVSRTEVSSNHVLIYLDKVSNQTLSLFFTVLQDVPVRDLKPAIVKVYDYYETDEFAIAEYNAPCSKDLGNA,Sat Apr 23 11:58:16 AM 2022
NP_000006.2,Homo sapiens, arylamine N-acetyltransferase 2 ,MDIEAYFERIGYKNSRNKLDLETLTDILEHQIRAVPFENLNMHCGQAMELGLEAIFDHIVRRNRGGWCLQVNQLLYWALTTIGFQTTMLGGYFYIPPVNKYSTGMVHLLLQVTIDGRNYIVDAGSGSSSQMWQPLELISGKDQPQVPCIFCLTEERGIWYLDQIRREQYITNKEFLNSHLLPKKKHQKIYLFTLEPRTIEDFESMNTYLQTSPTSSFITTSFCSLQTPEGVYCLVGFILTYRKFNYKDNTDLVEFKTLTEEEVEEVLRNIFKISLGRNLVPKPGDGSLTI,Sat Apr 23 11:58:16 AM 2022
NP_000007.1,Homo sapiens," medium-chain specific acyl-CoA dehydrogenase, mitochondrial isoform a precursor ",MAAGFGRCCRVLRSISRFHWRSQHTKANRQREPGLGFSFEFTEQQKEFQATARKFAREEIIPVAAEYDKTGEYPVPLIRRAWELGLMNTHIPENCGGLGLGTFDACLISEELAYGCTGVQTAIEGNSLGQMPIIIAGNDQQKKKYLGRMTEEPLMCAYCVTEPGAGSDVAGIKTKAEKKGDEYIINGQKMWITNGGKANWYFLLARSDPDPKAPANKAFTGFIVEADTPGIQIGRKELNMGQRCSDTRGIVFEDVKVPKENVLIGDGAGFKVAMGAFDKTRPVVAAGAVGLAQRALDEATKYALERKTFGKLLVEHQAISFMLAEMAMKVELARMSYQRAAWEVDSGRRNTYYASIAKAFAGDIANQLATDAVQILGGNGFNTEYPVEKLMRDAKIYQIYEGTSQIQRLIVAREHIDKYKN,Sat Apr 23 11:58:16 AM 2022
NP_000008.1,Homo sapiens," short-chain specific acyl-CoA dehydrogenase, mitochondrial isoform 1 precursor ",MAAALLARASGPARRALCPRAWRQLHTIYQSVELPETHQMLLQTCRDFAEKELFPIAAQVDKEHLFPAAQVKKMGGLGLLAMDVPEELGGAGLDYLAYAIAMEEISRGCASTGVIMSVNNSLYLGPILKFGSKEQKQAWVTPFTSGDKIGCFALSEPGNGSDAGAASTTARAEGDSWVLNGTKAWITNAWEASAAVVFASTDRALQNKGISAFLVPMPTPGLTLGKKEDKLGIRGSSTANLIFEDCRIPKDSILGEPGMGFKIAMQTLDMGRIGIASQALGIAQTALDCAVNYAENRMAFGAPLTKLQVIQFKLADMALALESARLLTWRAAMLKDNKKPFIKEAAMAKLAASEAATAISHQAIQILGGMGYVTEMPAERHYRDARITEIYEGTSEIQRLVIAGHLLRSYRS,Sat Apr 23 11:58:16 AM 2022
NP_000009.1,Homo sapiens," very long-chain specific acyl-CoA dehydrogenase, mitochondrial isoform 1 precursor ",MQAARMAASLGRQLLRLGGGSSRLTALLGQPRPGPARRPYAGGAAQLALDKSDSHPSDALTRKKPAKAESKSFAVGMFKGQLTTDQVFPYPSVLNEEQTQFLKELVEPVSRFFEEVNDPAKNDALEMVEETTWQGLKELGAFGLQVPSELGGVGLCNTQYARLVEIVGMHDLGVGITLGAHQSIGFKGILLFGTKAQKEKYLPKLASGETVAAFCLTEPSSGSDAASIRTSAVPSPCGKYYTLNGSKLWISNGGLADIFTVFAKTPVTDPATGAVKEKITAFVVERGFGGITHGPPEKKMGIKASNTAEVFFDGVRVPSENVLGEVGSGFKVAMHILNNGRFGMAAALAGTMRGIIAKAVDHATNRTQFGEKIHNFGLIQEKLARMVMLQYVTESMAYMVSANMDQGATDFQIEAAISKIFGSEAAWKVTDECIQIMGGMGFMKEPGVERVLRDLRIFRIFEGTNDILRLFVALQGCMDKGKELSGLGSALKNPFGNAGLLLGEAGKQLRRRAGLGSGLSLSGLVHPELSRSGELAVRALEQFATVVEAKLIKHKKGIVNEQFLLQRLADGAIDLYAMVVVLSRASRSLSEGHPTAQHEKMLCDTWCIEAAARIREGMAALQSDPWQQELYRNFKSISKALVERGGVVTSNPLGF,Sat Apr 23 11:58:16 AM 2022
NP_000010.1,Homo sapiens," acetyl-CoA acetyltransferase, mitochondrial isoform b precursor ",MAVLAALLRSGARSRSPLLRRLVQEIRYVERSYVSKPTLKEVVIVSATRTPIGSFLGSLSLLPATKLGSIAIQGAIEKAGIPKEEVKEAYMGNVLQGGEGQAPTRQAVLGAGLPISTPCTTINKVCASGMKAIMMASQSLMCGHQDVMVAGGMESMSNVPYVMNRGSTPYGGVKLEDLIVKDGLTDVYNKIHMGSCAENTAKKLNIARNEQDAYAINSYTRSKAAWEAGKFGNEVIPVTVTVKGQPDVVVKEDEEYKRVDFSKVPKLKTVFQKENGTVTAANASTLNDGAAALVLMTADAAKRLNVTPLARIVAFADAAVEPIDFPIAPVYAASMVLKDVGLKKEDIAMWEVNEAFSLVVLANIKMLEIDPQKVNINGGAVSLGHPIGMSGARIVGHLTHALKQGEYGLASICNGGGGASAMLIQKL,Sat Apr 23 11:58:16 AM 2022
NP_000011.2,Homo sapiens, serine/threonine-protein kinase receptor R3 precursor ,MTLGSPRKGLLMLLMALVTQGDPVKPSRGPLVTCTCESPHCKGPTCRGAWCTVVLVREEGRHPQEHRGCGNLHRELCRGRPTEFVNHYCCDSHLCNHNVSLVLEATQPPSEQPGTDGQLALILGPVLALLALVALGVLGLWHVRRRQEKQRGLHSELGESSLILKASEQGDSMLGDLLDSDCTTGSGSGLPFLVQRTVARQVALVECVGKGRYGEVWRGLWHGESVAVKIFSSRDEQSWFRETEIYNTVLLRHDNILGFIASDMTSRNSSTQLWLITHYHEHGSLYDFLQRQTLEPHLALRLAVSAACGLAHLHVEIFGTQGKPAIAHRDFKSRNVLVKSNLQCCIADLGLAVMHSQGSDYLDIGNNPRVGTKRYMAPEVLDEQIRTDCFESYKWTDIWAFGLVLWEIARRTIVNGIVEDYRPPFYDVVPNDPSFEDMKKVVCVDQQTPTIPNRLAADPVLSGLAQMMRECWYPNPSARLTALRIKKTLQKISNSPEKPKVIQ,Sat Apr 23 11:58:16 AM 2022
NP_000012.1,Homo sapiens, presenilin-1 isoform I-467 ,MTELPAPLSYFQNAQMSEDNHLSNTVRSQNDNRERQEHNDRRSLGHPEPLSNGRPQGNSRQVVEQDEEEDEELTLKYGAKHVIMLFVPVTLCMVVVVATIKSVSFYTRKDGQLIYTPFTEDTETVGQRALHSILNAAIMISVIVVMTILLVVLYKYRCYKVIHAWLIISSLLLLFFFSFIYLGEVFKTYNVAVDYITVALLIWNFGVVGMISIHWKGPLRLQQAYLIMISALMALVFIKYLPEWTAWLILAVISVYDLVAVLCPKGPLRMLVETAQERNETLFPALIYSSTMVWLVNMAEGDPEAQRRVSKNSKYNAESTERESQDTVAENDDGGFSEEWEAQRDSHLGPHRSTPESRAAVQELSSSILAGEDPEERGVKLGLGDFIFYSVLVGKASATASGDWNTTIACFVAILIGLCLTLLLLAIFKKALPALPISITFGLVFYFATDYLVQPFMDQLAFHQFYI,Sat Apr 23 11:58:16 AM 2022
NP_000013.2,Homo sapiens, adenosine deaminase isoform 1 ,MAQTPAFDKPKVELHVHLDGSIKPETILYYGRRRGIALPANTAEGLLNVIGMDKPLTLPDFLAKFDYYMPAIAGCREAIKRIAYEFVEMKAKEGVVYVEVRYSPHLLANSKVEPIPWNQAEGDLTPDEVVALVGQGLQEGERDFGVKARSILCCMRHQPNWSPKVVELCKKYQQQTVVAIDLAGDETIPGSSLLPGHVQAYQEAVKSGIHRTVHAGEVGSAEVVKEAVDILKTERLGHGYHTLEDQALYNRLRQENMHFEICPWSSYLTGAWKPDTEHAVIRLKNDQANYSLNTDDPLIFKSTLDTDYQMTKRDMGFTEEEFKRLNINAAKSSFLPEDEKRELLDLLYKAYGMPPSASAGQNL,Sat Apr 23 11:58:16 AM 2022
NP_000014.1,Homo sapiens, alpha-sarcoglycan isoform 1 precursor ,MAETLFWTPLLVVLLAGLGDTEAQQTTLHPLVGRVFVHTLDHETFLSLPEHVAVPPAVHITYHAHLQGHPDLPRWLRYTQRSPHHPGFLYGSATPEDRGLQVIEVTAYNRDSFDTTRQRLVLEIGDPEGPLLPYQAEFLVRSHDAEEVLPSTPASRFLSALGGLWEPGELQLLNVTSALDRGGRVPLPIEGRKEGVYIKVGSASPFSTCLKMVASPDSHARCAQGQPPLLSCYDTLAPHFRVDWCNVTLVDKSVPEPADEVPTPGDGILEHDPFFCPPTEAPDRDFLVDALVTLLVPLLVALLLTLLLAYVMCCRREGRLKRDLATSDIQMVHHCTIHGNTEELRQMAASREVPRPLSTLPMFNVHTGERLPPRVDSAQVPLILDQH,Sat Apr 23 11:58:16 AM 2022
NP_000015.2,Homo sapiens, beta-2 adrenergic receptor ,MGQPGNGSAFLLAPNGSHAPDHDVTQERDEVWVVGMGIVMSLIVLAIVFGNVLVITAIAKFERLQTVTNYFITSLACADLVMGLAVVPFGAAHILMKMWTFGNFWCEFWTSIDVLCVTASIETLCVIAVDRYFAITSPFKYQSLLTKNKARVIILMVWIVSGLTSFLPIQMHWYRATHQEAINCYANETCCDFFTNQAYAIASSIVSFYVPLVIMVFVYSRVFQEAKRQLQKIDKSEGRFHVQNLSQVEQDGRTGHGLRRSSKFCLKEHKALKTLGIIMGTFTLCWLPFFIVNIVHVIQDNLIRKEVYILLNWIGYVNSGFNPLIYCRSPDFRIAFQELLCLRRSSLKAYGNGYSSNGNTGEQSGYHVEQEKENKLLCEDLPGTEDFVGHQGTVPSDNIDSQGRNCSTNDSLL,Sat Apr 23 11:58:16 AM 2022
NP_000016.1,Homo sapiens, beta-3 adrenergic receptor ,MAPWPHENSSLAPWPDLPTLAPNTANTSGLPGVPWEAALAGALLALAVLATVGGNLLVIVAIAWTPRLQTMTNVFVTSLAAADLVMGLLVVPPAATLALTGHWPLGATGCELWTSVDVLCVTASIETLCALAVDRYLAVTNPLRYGALVTKRCARTAVVLVWVVSAAVSFAPIMSQWWRVGADAEAQRCHSNPRCCAFASNMPYVLLSSSVSFYLPLLVMLFVYARVFVVATRQLRLLRGELGRFPPEESPPAPSRSLAPAPVGTCAPPEGVPACGRRPARLLPLREHRALCTLGLIMGTFTLCWLPFFLANVLRALGGPSLVPGPAFLALNWLGYANSAFNPLIYCRSPDFRSAFRRLLCRCGRRLPPEPCAAARPALFPSGVPAARSSPAQPRLCQRLDGASWGVS,Sat Apr 23 11:58:16 AM 2022
NP_000017.1,Homo sapiens, adenylosuccinate lyase isoform a ,MAAGGDHGSPDSYRSPLASRYASPEMCFVFSDRYKFRTWRQLWLWLAEAEQTLGLPITDEQIQEMKSNLENIDFKMAAEEEKRLRHDVMAHVHTFGHCCPKAAGIIHLGATSCYVGDNTDLIILRNALDLLLPKLARVISRLADFAKERASLPTLGFTHFQPAQLTTVGKRCCLWIQDLCMDLQNLKRVRDDLRFRGVKGTTGTQASFLQLFEGDDHKVEQLDKMVTEKAGFKRAFIITGQTYTRKVDIEVLSVLASLGASVHKICTDIRLLANLKEMEEPFEKQQIGSSAMPYKRNPMRSERCCSLARHLMTLVMDPLQTASVQWFERTLDDSANRRICLAEAFLTADTILNTLQNISEGLVVYPKVIERRIRQELPFMATENIIMAMVKAGGSRQDCHEKIRVLSQQAASVVKQEGGDNDLIERIQVDAYFSPIHSQLDHLLDPSSFTGRASQQVQRFLEEEVYPLLKPYESVMKVKAELCL,Sat Apr 23 11:58:16 AM 2022
NP_000018.2,Homo sapiens, N(4)-(beta-N-acetylglucosaminyl)-L-asparaginase isoform 1 preproprotein ,MARKSNLPVLLVPFLLCQALVRCSSPLPLVVNTWPFKNATEAAWRALASGGSALDAVESGCAMCEREQCDGSVGFGGSPDELGETTLDAMIMDGTTMDVGAVGDLRRIKNAIGVARKVLEHTTHTLLVGESATTFAQSMGFINEDLSTTASQALHSDWLARNCQPNYWRNVIPDPSKYCGPYKPPGILKQDIPIHKETEDDRGHDTIGMVVIHKTGHIAAGTSTNGIKFKIHGRVGDSPIPGAGAYADDTAGAAAATGNGDILMRFLPSYQAVEYMRRGEDPTIACQKVISRIQKHFPEFFGAVICANVTGSYGAACNKLSTFTQFSFMVYNSEKNQPTEEKVDCI,Sat Apr 23 11:58:16 AM 2022
NP_000019.2,Homo sapiens, glycogen debranching enzyme isoform 1 ,MGHSKQIRILLLNEMEKLEKTLFRLEQGYELQFRLGPTLQGKAVTVYTNYPFPGETFNREKFRSLDWENPTEREDDSDKYCKLNLQQSGSFQYYFLQGNEKSGGGYIVVDPILRVGADNHVLPLDCVTLQTFLAKCLGPFDEWESRLRVAKESGYNMIHFTPLQTLGLSRSCYSLANQLELNPDFSRPNRKYTWNDVGQLVEKLKKEWNVICITDVVYNHTAANSKWIQEHPECAYNLVNSPHLKPAWVLDRALWRFSCDVAEGKYKEKGIPALIENDHHMNSIRKIIWEDIFPKLKLWEFFQVDVNKAVEQFRRLLTQENRRVTKSDPNQHLTIIQDPEYRRFGCTVDMNIALTTFIPHDKGPAAIEECCNWFHKRMEELNSEKHRLINYHQEQAVNCLLGNVFYERLAGHGPKLGPVTRKHPLVTRYFTFPFEEIDFSMEESMIHLPNKACFLMAHNGWVMGDDPLRNFAEPGSEVYLRRELICWGDSVKLRYGNKPEDCPYLWAHMKKYTEITATYFQGVRLDNCHSTPLHVAEYMLDAARNLQPNLYVVAELFTGSEDLDNVFVTRLGISSLIREAMSAYNSHEEGRLVYRYGGEPVGSFVQPCLRPLMPAIAHALFMDITHDNECPIVHRSAYDALPSTTIVSMACCASGSTRGYDELVPHQISVVSEERFYTKWNPEALPSNTGEVNFQSGIIAARCAISKLHQELGAKGFIQVYVDQVDEDIVAVTRHSPSIHQSVVAVSRTAFRNPKTSFYSKEVPQMCIPGKIEEVVLEARTIERNTKPYRKDENSINGTPDITVEIREHIQLNESKIVKQAGVATKGPNEYIQEIEFENLSPGSVIIFRVSLDPHAQVAVGILRNHLTQFSPHFKSGSLAVDNADPILKIPFASLASRLTLAELNQILYRCESEEKEDGGGCYDIPNWSALKYAGLQGLMSVLAEIRPKNDLGHPFCNNLRSGDWMIDYVSNRLISRSGTIAEVGKWLQAMFFYLKQIPRYLIPCYFDAILIGAYTTLLDTAWKQMSSFVQNGSTFVKHLSLGSVQLCGVGKFPSLPILSPALMDVPYRLNEITKEKEQCCVSLAAGLPHFSSGIFRCWGRDTFIALRGILLITGRYVEARNIILAFAGTLRHGLIPNLLGEGIYARYNCRDAVWWWLQCIQDYCKMVPNGLDILKCPVSRMYPTDDSAPLPAGTLDQPLFEVIQEAMQKHMQGIQFRERNAGPQIDRNMKDEGFNITAGVDEETGFVYGGNRFNCGTWMDKMGESDRARNRGIPATPRDGSAVEIVGLSKSAVRWLLELSKKNIFPYHEVTVKRHGKAIKVSYDEWNRKIQDNFEKLFHVSEDPSDLNEKHPNLVHKRGIYKDSYGASSPWCDYQLRPNFTIAMVVAPELFTTEKAWKALEIAEKKLLGPLGMKTLDPDDMVYCGIYDNALDNDNYNLAKGFNYHQGPEWLWPIGYFLRAKLYFSRLMGPETTAKTIVLVKNVLSRHYVHLERSPWKGLPELTNENAQYCPFSCETQAWSIATILETLYDL,Sat Apr 23 11:58:16 AM 2022
NP_000021.1,Homo sapiens, serine--pyruvate aminotransferase ,MASHKLLVTPPKALLKPLSIPNQLLLGPGPSNLPPRIMAAGGLQMIGSMSKDMYQIMDEIKEGIQYVFQTRNPLTLVISGSGHCALEAALVNVLEPGDSFLVGANGIWGQRAVDIGERIGARVHPMTKDPGGHYTLQEVEEGLAQHKPVLLFLTHGESSTGVLQPLDGFGELCHRYKCLLLVDSVASLGGTPLYMDRQGIDILYSGSQKALNAPPGTSLISFSDKAKKKMYSRKTKPFSFYLDIKWLANFWGCDDQPRMYHHTIPVISLYSLRESLALIAEQGLENSWRQHREAAAYLHGRLQALGLQLFVKDPALRLPTVTTVAVPAGYDWRDIVSYVIDHFDIEIMGGLGPSTGKVLRIGLLGCNATRENVDRVTEALRAALQHCPKKKL,Sat Apr 23 11:58:16 AM 2022
NP_000022.3,Homo sapiens, delta-aminolevulinic acid dehydratase isoform b ,MQPQSVLHSGYFHPLLRAWQTATTTLNASNLIYPIFVTDVPDDIQPITSLPGVARYGVKRLEEMLRPLVEEGLRCVLIFGVPSRVPKDERGSAADSEESPAIEAIHLLRKTFPNLLVACDVCLCPYTSHGHCGLLSENGAFRAEESRQRLAEVALAYAKAGCQVVAPSDMMDGRVEAIKEALMAHGLGNRVSVMSYSAKFASCFYGPFRDAAKSSPAFGDRRCYQLPPGARGLALRAVDRDVREGADMLMVKPGMPYLDIVREVKDKHPDLPLAVYHVSGEFAMLWHGAQAGAFDLKAAVLEAMTAFRRAGADIIITYYTPQLLQWLKEE,Sat Apr 23 11:58:16 AM 2022
